title,price,discprice
ELDEN RING,59.99,no discount
Valve Index VR Kit,999.00,no discount
Steam Deck,399.00,no discount
Steam Deck,399.00,no discount
Steam Deck,399.00,no discount
LEGO® Star Wars™: The Skywalker Saga,49.99,no discount
Cyberpunk 2077,59.99,29.99
No Man's Sky,59.99,29.99
Call of Duty®: Black Ops III,59.99,19.79
LEGO® Star Wars™: The Skywalker Saga,49.99,no discount
Aircraft Carrier Survival,19.99,17.99
Solasta: Crown of the Magister,39.99,15.99
Call of Duty®: Black Ops III,59.99,19.79
DayZ,44.99,26.99
Rust,39.99,no discount
Squad,49.99,no discount
Valve Index® Base Station,149.00,no discount
The Iron Oath,19.99,no discount
Glover,19.99,16.99
Call of Duty®: Black Ops II,59.99,19.79
Little Nightmares II,29.99,14.99
Solasta: Crown of the Magister - Lost Valley,12.99,no discount
Holdfast: Nations At War,19.99,6.99
The Witcher 3: Wild Hunt - Game of the Year Edition,49.99,9.99
Vampire Survivors,2.99,no discount
Grand Theft Auto V: Premium Edition,29.98,no discount
Sea of Thieves,39.99,no discount
WWE 2K22,59.99,44.99
Ready or Not,39.99,no discount
DayZ Livonia Edition,58.98,34.36
Destiny 2: The Witch Queen,39.99,no discount
Jurassic World Evolution 2: Premium Edition,95.96,49.90
God of War,49.99,no discount
Risk of Rain 2: Survivors of the Void,14.99,no discount
Aliens: Fireteam Elite,39.99,19.99
Phasmophobia,13.99,no discount
Planet Zoo: Ultimate Edition,146.89,63.10
Jurassic World Evolution 2,59.99,32.99
Project Zomboid,19.99,no discount
Stardew Valley,14.99,no discount
ARK: Survival Evolved,29.99,9.89
Ember Knights,14.99,13.49
STAR WARS™: The Old Republic™ - Cartel Coins,2.99,no discount
STAR WARS™: The Old Republic™ - Cartel Coins,2.99,no discount
STAR WARS™: The Old Republic™ - Cartel Coins,2.99,no discount
STAR WARS™: The Old Republic™ - Cartel Coins,2.99,no discount
STAR WARS™: The Old Republic™ - Cartel Coins,2.99,no discount
STAR WARS™: The Old Republic™ - Cartel Coins,2.99,no discount
Raft,19.99,no discount
TUNIC,29.99,no discount
Solasta: Crown of the Magister - Primal Calling,9.99,7.99
Wobbledogs,19.99,no discount
Midnight Ghost Hunt,19.99,no discount
Dying Light 2 Stay Human,59.99,no discount
The Elder Scrolls Online - Blackwood,29.99,9.89
Farming Simulator 22,49.99,no discount
Dyson Sphere Program,19.99,15.99
The Planet Crafter,19.99,no discount
Aliens: Fireteam Elite,39.99,19.99
GOD EATER 3,59.99,9.59
Call of Duty®: Black Ops,39.99,19.99
Sekiro™: Shadows Die Twice - GOTY Edition,59.99,no discount
The Forest,19.99,no discount
Core Keeper,12.99,no discount
FINAL FANTASY XIV: Endwalker,39.99,no discount
Destiny 2: The Witch Queen Deluxe + Bungie 30th Anniversary Bundle,99.99,no discount
Valheim,19.99,no discount
Call of Duty - Black Ops II Bundle,99.99,49.99
PAYDAY 2: Midland Bundle,9.99,no discount
Phoenix Point: Year One Edition,29.99,14.99
SCUM,34.99,20.99
Forza Horizon 5,59.99,no discount
Hell Let Loose,39.99,no discount
ARK: Ultimate Survivor Edition,89.95,47.74
Risk of Rain 2,24.99,no discount
Red Dead Redemption 2,59.99,no discount
Sea Power,49.98,43.18
Microsoft Flight Simulator Game of the Year Edition,59.99,no discount
Total War: WARHAMMER III,59.99,no discount
Solasta: Crown of the Magister - Supporter Pack,9.99,no discount
Introversion Complete Bundle,45.95,4.55
"Warhammer 40,000: Chaos Gate - Daemonhunters",44.99,no discount
World War 3,14.99,no discount
Medieval Dynasty,34.99,26.24
Baldur's Gate 3,59.99,no discount
Little Nightmares II,29.99,14.99
Planet Zoo: Wetlands Animal Pack,9.99,no discount
Destiny 2: The Witch Queen Deluxe Edition,79.99,no discount
Satisfactory,29.99,no discount
Valve Index Headset + Controllers,749.00,no discount
Borderlands: The Handsome Collection,229.48,14.96
Risk of Rain 2 + Survivors of the Void Expansion,34.78,no discount
MONSTER HUNTER RISE,59.99,no discount
Terraria,9.99,no discount
Terraria,9.99,no discount
Stacklands,4.99,no discount
Factorio,30.00,no discount
Sid Meier’s Civilization® VI Anthology,98.70,no discount
Call of Duty®: Black Ops III - Season Pass,49.99,24.99
Unpacking,19.99,no discount
Half-Life: Alyx,59.99,no discount
Beat Saber,29.99,no discount
WorldBox - God Simulator,19.99,no discount
DARK SOULS™: REMASTERED,39.99,no discount
Dead by Daylight,19.99,no discount
ARK: Genesis Season Pass,29.99,23.99
Wallpaper Engine,3.99,no discount
Call of Duty®: Black Ops II Season Pass,49.99,24.99
Age of Empires IV,59.99,no discount
DayZ Livonia,13.99,11.19
SUPER ROBOT WARS 30 - Expansion Pack,24.99,no discount
Fallout 76: Atoms,4.99,no discount
Fallout 76: Atoms,4.99,no discount
Fallout 76: Atoms,4.99,no discount
Fallout 76: Atoms,4.99,no discount
Planet Zoo,44.99,11.24
Gold Box Classics,37.46,no discount
THE KING OF FIGHTERS XV,59.99,47.99
BeamNG.drive,24.99,no discount
Football Manager 2022,54.99,36.84
PGA TOUR 2K21,79.99,23.99
It Takes Two,39.99,no discount
METAL GEAR RISING: REVENGEANCE,29.99,no discount
FINAL FANTASY XIV Online - Complete Edition,59.98,no discount
Bloons TD 6,9.99,no discount
The Sims™ 4,19.99,no discount
Ghostwire: Tokyo,59.99,no discount
7 Days to Die,24.99,no discount
Inscryption,19.99,no discount
Five Nights at Freddy's: Security Breach,39.99,no discount
BONEWORKS,29.99,no discount
Destiny 2: Bungie 30th Anniversary Pack,24.99,no discount
Insurgency: Sandstorm,29.99,no discount
The Elder Scrolls V: Skyrim Special Edition,39.99,no discount
Destiny 2: Legacy Collection,59.99,no discount
Garry's Mod,9.99,no discount
Mount & Blade II: Bannerlord,49.99,no discount
Destiny 2: Beyond Light,29.99,no discount
The Elder Scrolls V: Skyrim Anniversary Edition,49.99,no discount
POSTAL 4: No Regerts,39.99,no discount
A Way Out,29.99,7.49
Deep Rock Galactic,29.99,no discount
The Elder Scrolls V: Skyrim Anniversary Upgrade,19.99,no discount
XCOM® 2 Collection,132.95,12.74
GROUND BRANCH,29.99,no discount
GUILTY GEAR -STRIVE-,59.99,no discount
Cat Cafe Manager,19.99,15.99
FIFA 22,59.99,no discount
CS:GO Prime Status Upgrade,14.99,no discount
The Flipper Bundle,58.46,no discount
Halo: The Master Chief Collection,39.99,no discount
Grand Theft Auto V - Criminal Enterprise Starter Pack,9.99,no discount
Planet Zoo,44.99,11.24
The Elder Scrolls V: Skyrim VR,59.99,no discount
Remnant: From the Ashes - Complete Edition,59.97,21.55
Knightfall: A Daring Journey,5.99,no discount
The Witcher® 3: Wild Hunt,39.99,7.99
Tom Clancy's Rainbow Six® Siege,19.99,no discount
Crusader Kings III Royal Edition,74.99,no discount
Remnant: From the Ashes,39.99,15.99
Cities: Skylines Collection,253.54,no discount
DRAGON BALL XENOVERSE 2,49.99,9.99
Teardown,19.99,no discount
Destiny 2: The Witch Queen Deluxe Edition Upgrade,39.99,no discount
Cities: Skylines,29.99,no discount
Dice Legacy,19.99,9.99
RimWorld,34.99,no discount
Blade and Sorcery,19.99,no discount
Hunt: Showdown,39.99,no discount
Age of Empires II: Definitive Edition - Dynasties of India,9.99,no discount
Little Nightmares,19.99,4.99
FINAL FANTASY XIV Online,19.99,no discount
GTFO,39.99,no discount
RimWorld - Ideology,19.99,no discount
STAR WARS™: The Old Republic™  - Subscriptions,14.99,no discount
Dungeon Alchemist,44.99,no discount
STAR WARS™: The Old Republic™  - Subscriptions,14.99,no discount
STAR WARS™: The Old Republic™  - Subscriptions,14.99,no discount
STAR WARS™: The Old Republic™  - Subscriptions,14.99,no discount
Divinity: Original Sin 2 - Definitive Edition,44.99,no discount
Tabletop Simulator,19.99,no discount
Digimon Story Cyber Sleuth: Complete Edition,49.99,no discount
Valve Index® Replacement Tether,129.00,no discount
Pavlov VR,24.99,no discount
Planet Zoo: Europe Pack,9.99,8.49
Subnautica,29.99,no discount
Shadows of Forbidden Gods,19.99,no discount
Planet Coaster,44.99,11.24
Mass Effect™ Legendary Edition,59.99,no discount
Battlefield™ 2042,59.99,no discount
Call of Duty®: WWII,59.99,19.79
Assetto Corsa,19.99,no discount
Holdfast: Nations At War - Collectors Edition,71.92,48.85
PowerWash Simulator,19.99,no discount
EA Play,4.99,no discount
Slay the Spire,24.99,no discount
Stellaris: Ultimate Bundle,202.35,no discount
Hearts of Iron IV,39.99,no discount
Lumencraft,11.99,10.79
Coromon,19.99,no discount
